{
  "resourceType": "GMExtensionConfigSet",
  "configurables": {
    "5d9f79ea-1b81-4c14-9cdb-bd884ee607e4": null,
    "c2dbc7f8-515a-443a-b7e7-c7bb0271d8c7": null,
    "76c270e6-7809-4838-ade8-701846fc795d": null,
    "a19af317-c0f4-479d-8f1c-5c292032fe3c": null,
    "f19efce6-255e-43bf-be1c-c062cf1e1ec5": null,
    "08c5012e-41c6-4e97-a5d5-a39120aa6c7e": null,
    "d03448ca-1586-470e-8e40-16afd84d12fb": null,
    "6d5b035c-3696-4554-a0e9-819187ea6303": null,
    "b29b41e4-3d53-4a72-b082-0eb3d51bd81d": null,
    "ab4971c8-45fa-4411-a982-e16a3af58307": null,
    "e61f4ac7-53ac-46e2-b0c8-a949f1acd862": null
  },
  "resourceVersion": "1.0"
}